epoch,accuracy,loss,val_accuracy,val_loss
0,0.3976166546344757,1.664812684059143,0.4853000044822693,1.4040751457214355
1,0.5535333156585693,1.300272822380066,0.6248000264167786,1.1992501020431519
2,0.6310166716575623,1.1539040803909302,0.6500999927520752,1.115057349205017
3,0.6683499813079834,1.0859723091125488,0.6959999799728394,1.0618535280227661
4,0.6881833076477051,1.0431208610534668,0.6980999708175659,1.0399563312530518
5,0.644433319568634,1.3035376071929932,0.6850000023841858,1.0889818668365479
6,0.691516637802124,1.0339652299880981,0.692799985408783,1.0500836372375488
7,0.6935333609580994,1.0073251724243164,0.6904000043869019,1.0366891622543335
